src/slic3r/GUI/GUI_Init.cpp:54	STR	string	autosave
src/slic3r/GUI/Tab.cpp:4252	BOOL	bool	auxiliary_fan
src/slic3r/GUI/PresetComboBoxes.cpp:325	INT	int	bed_temperature
src/slic3r/GUI/PresetComboBoxes.cpp:323	INT	int	bed_temperature_initial_layer
src/slic3r/GUI/PresetHints.cpp:263	INT	int	bottom_shell_layers
src/slic3r/GUI/PresetHints.cpp:267	FLOAT	double	bottom_shell_thickness
src/slic3r/GUI/PresetHints.cpp:103	FLOAT	double	bridge_flow
src/slic3r/GUI/PresetHints.cpp:102	FLOAT	double	bridge_speed
src/slic3r/GUI/Gizmos/GLGizmoBrimEars.cpp:772	ENUM	BrimType	brim_type
src/slic3r/GUI/Gizmos/GLGizmoBrimEars.cpp:773	ENUM	BrimType	brim_type
src/slic3r/GUI/Plater.cpp:15978	ENUM	BrimType	brim_type
src/slic3r/GUI/SelectMachine.cpp:3548	OPT	ConfigOptionInts	chamber_temperature
src/slic3r/GUI/PresetHints.cpp:52	INT	int	close_fan_the_first_x_layers
src/slic3r/GUI/CreatePresetsDialog.cpp:1359	OPT	ConfigOptionStrings	compatible_printers
src/slic3r/GUI/CreatePresetsDialog.cpp:966	OPT	ConfigOptionStrings	compatible_printers
src/slic3r/GUI/PresetHints.cpp:23	BOOL	bool	cooling
src/slic3r/GUI/Plater.cpp:15950	ENUM	BedType	curr_bed_type
src/slic3r/GUI/Plater.cpp:9420	ENUM	BedType	curr_bed_type
src/slic3r/GUI/SelectMachine.cpp:4575	OPT	ConfigOptionEnum<BedType>	curr_bed_type
src/slic3r/GUI/Tab.cpp:3047	ENUM	BedType	curr_bed_type
src/slic3r/GUI/Tab.cpp:3261	ENUM	BedType	curr_bed_type
src/slic3r/GUI/Tab.cpp:3447	ENUM	BedType	curr_bed_type
src/slic3r/GUI/Tab.cpp:4276	ENUM	BedType	curr_bed_type
src/slic3r/GUI/Plater.cpp:12631	OPT	ConfigOptionFloat	default_acceleration
src/slic3r/GUI/PresetComboBoxes.cpp:240	STR	string	default_filament_colour
src/slic3r/GUI/PresetComboBoxes.cpp:683	STR	string	default_filament_colour
src/slic3r/Utils/SnapmakerPrinterAgent.cpp:39	STR	string	default_filament_colour
src/slic3r/GUI/Tab.cpp:2223	OPT	ConfigOptionStrings	default_filament_profile
src/slic3r/GUI/Plater.cpp:12647	OPT	ConfigOptionFloat	default_jerk
src/slic3r/GUI/Plater.cpp:12652	OPT	ConfigOptionFloat	default_jerk
src/slic3r/GUI/Tab.cpp:5209	OPT	ConfigOptionEnumsGeneric	default_nozzle_volume_type
src/slic3r/GUI/CalibrationWizardPresetPage.cpp:2725	STR	string	default_print_profile
src/slic3r/GUI/Tab.cpp:2222	STR	string	default_print_profile
src/slic3r/GUI/Tab.cpp:2240	STR	string	default_sla_material_profile
src/slic3r/GUI/Tab.cpp:2244	STR	string	default_sla_print_profile
src/slic3r/GUI/PartPlate.cpp:5030	BOOL	bool	detect_thin_wall
src/slic3r/GUI/PresetHints.cpp:214	BOOL	bool	detect_thin_wall
src/slic3r/GUI/Plater.cpp:15985	OPT	ConfigOptionStrings	different_settings_to_system
src/slic3r/GUI/Plater.cpp:6323	OPT	ConfigOptionStrings	different_settings_to_system
src/slic3r/GUI/Plater.cpp:761	OPT	ConfigOptionInt	enable_long_retraction_when_cut
src/slic3r/Utils/CalibUtils.cpp:799	OPT	ConfigOptionBool	enable_prime_tower
src/slic3r/GUI/3DScene.cpp:984	BOOL	bool	enable_support
src/slic3r/GUI/Gizmos/GLGizmoFdmSupports.cpp:521	BOOL	bool	enable_support
src/slic3r/GUI/PartPlate.cpp:1523	BOOL	bool	enable_support
src/slic3r/GUI/PartPlate.cpp:1636	BOOL	bool	enable_support
src/slic3r/GUI/PartPlate.cpp:5027	BOOL	bool	enable_support
src/slic3r/GUI/Plater.cpp:7914	BOOL	bool	enable_support
src/slic3r/GUI/Jobs/ArrangeJob.cpp:251	OPT	ConfigOptionBool	enable_wrapping_detection
src/slic3r/GUI/Jobs/ArrangeJob.cpp:428	OPT	ConfigOptionBool	enable_wrapping_detection
src/slic3r/GUI/Jobs/ArrangeJob.cpp:543	OPT	ConfigOptionBool	enable_wrapping_detection
src/slic3r/GUI/Jobs/FillBedJob.cpp:122	OPT	ConfigOptionBool	enable_wrapping_detection
src/slic3r/GUI/Plater.cpp:5558	OPT	ConfigOptionBool	enable_wrapping_detection
src/slic3r/Utils/CalibUtils.cpp:800	OPT	ConfigOptionBool	enable_wrapping_detection
src/slic3r/GUI/PartPlate.cpp:5028	INT	int	enforce_support_layers
src/slic3r/GUI/PartPlate.cpp:5029	BOOL	bool	ensure_vertical_shell_thickness
src/slic3r/GUI/GUI_ObjectList.cpp:2355	INT	int	extruder
src/slic3r/GUI/GUI_ObjectList.cpp:2468	INT	int	extruder
src/slic3r/GUI/GUI_ObjectList.cpp:2818	INT	int	extruder
src/slic3r/GUI/GUI_ObjectList.cpp:3342	INT	int	extruder
src/slic3r/GUI/GUI_ObjectList.cpp:3343	FLOAT	double	extruder
src/slic3r/GUI/GUI_ObjectList.cpp:4536	INT	int	extruder
src/slic3r/GUI/GUI_ObjectList.cpp:4628	INT	int	extruder
src/slic3r/GUI/GLCanvas3D.cpp:1463	OPT	ConfigOptionPointsGroups	extruder_printable_area
src/slic3r/Utils/CalibUtils.cpp:1454	OPT	ConfigOptionPointsGroups	extruder_printable_area
src/slic3r/GUI/GLCanvas3D.cpp:1458	OPT	ConfigOptionFloatsNullable	extruder_printable_height
src/slic3r/Utils/CalibUtils.cpp:1455	OPT	ConfigOptionFloatsNullable	extruder_printable_height
src/slic3r/GUI/CalibrationWizardPresetPage.cpp:1607	OPT	ConfigOptionEnumsGeneric	extruder_type
src/slic3r/GUI/Tab.cpp:7371	OPT	ConfigOptionEnumsGeneric	extruder_type
src/slic3r/GUI/PresetHints.cpp:24	INT	int	fan_cooling_layer_time
src/slic3r/GUI/PresetHints.cpp:30	INT	int	fan_max_speed
src/slic3r/GUI/PresetHints.cpp:29	INT	int	fan_min_speed
src/slic3r/GUI/PresetHints.cpp:53	INT	int	fan_min_speed
src/slic3r/GUI/Plater.cpp:6317	OPT	ConfigOptionInts	filament_adhesiveness_category
src/slic3r/GUI/PartPlate.cpp:2138	OPT	ConfigOptionFloats	filament_change_length
src/slic3r/GUI/CalibrationWizard.cpp:1330	STR	string	filament_colour
src/slic3r/GUI/CalibrationWizard.cpp:1713	STR	string	filament_colour
src/slic3r/GUI/CalibrationWizard.cpp:778	STR	string	filament_colour
src/slic3r/GUI/CalibrationWizard.cpp:863	STR	string	filament_colour
src/slic3r/GUI/CalibrationWizardSavePage.cpp:648	STR	string	filament_colour
src/slic3r/GUI/FilamentMapDialog.cpp:60	OPT	ConfigOptionStrings	filament_colour
src/slic3r/GUI/GCodeViewer.cpp:1366	OPT	ConfigOptionStrings	filament_colour
src/slic3r/GUI/GUI_ObjectList.cpp:2861	OPT	ConfigOptionStrings	filament_colour
src/slic3r/GUI/MainFrame.cpp:1369	OPT	ConfigOptionStrings	filament_colour
src/slic3r/GUI/Plater.cpp:16501	OPT	ConfigOptionStrings	filament_colour
src/slic3r/GUI/Plater.cpp:16725	STR	string	filament_colour
src/slic3r/GUI/Plater.cpp:3499	STR	string	filament_colour
src/slic3r/GUI/Plater.cpp:3563	OPT	ConfigOptionStrings	filament_colour
src/slic3r/GUI/Plater.cpp:4103	OPT	ConfigOptionStrings	filament_colour
src/slic3r/GUI/Plater.cpp:6219	OPT	ConfigOptionStrings	filament_colour
src/slic3r/GUI/Plater.cpp:6301	OPT	ConfigOptionStrings	filament_colour
src/slic3r/GUI/PresetComboBoxes.cpp:1197	STR	string	filament_colour
src/slic3r/GUI/PresetComboBoxes.cpp:1198	STR	string	filament_colour
src/slic3r/GUI/PresetComboBoxes.cpp:1918	STR	string	filament_colour
src/slic3r/GUI/PresetComboBoxes.cpp:249	STR	string	filament_colour
src/slic3r/GUI/PresetComboBoxes.cpp:541	STR	string	filament_colour
src/slic3r/GUI/SelectMachine.cpp:3888	STR	string	filament_colour
src/slic3r/GUI/SendMultiMachinePage.cpp:1459	STR	string	filament_colour
src/slic3r/GUI/SyncAmsInfoDialog.cpp:2669	STR	string	filament_colour
src/slic3r/GUI/SyncAmsInfoDialog.cpp:2881	STR	string	filament_colour
src/slic3r/GUI/WipeTowerDialog.cpp:262	OPT	ConfigOptionStrings	filament_colour
src/slic3r/GUI/WipeTowerDialog.cpp:375	OPT	ConfigOptionStrings	filament_colour
src/slic3r/GUI/WipeTowerDialog.cpp:527	OPT	ConfigOptionStrings	filament_colour
src/slic3r/Utils/CalibUtils.cpp:854	OPT	ConfigOptionStrings	filament_colour
src/slic3r/GUI/PresetComboBoxes.cpp:250	STR	string	filament_colour_type
src/slic3r/GUI/PartPlate.cpp:2143	OPT	ConfigOptionFloats	filament_diameter
src/slic3r/GUI/Plater.cpp:774	OPT	ConfigOptionFloats	filament_diameter
src/slic3r/GUI/PresetHints.cpp:138	FLOAT	double	filament_diameter
src/slic3r/GUI/Plater.cpp:3500	BOOL	bool	filament_exist
src/slic3r/GUI/PresetComboBoxes.cpp:1919	BOOL	bool	filament_exist
src/slic3r/GUI/CalibrationWizard.cpp:1313	OPT	ConfigOptionFloatsNullable	filament_flow_ratio
src/slic3r/GUI/CalibrationWizard.cpp:659	OPT	ConfigOptionFloatsNullable	filament_flow_ratio
src/slic3r/GUI/CalibrationWizardPresetPage.cpp:1385	OPT	ConfigOptionFloatsNullable	filament_flow_ratio
src/slic3r/GUI/CalibrationWizardPresetPage.cpp:2508	OPT	ConfigOptionFloatsNullable	filament_flow_ratio
src/slic3r/GUI/PresetHints.cpp:140	FLOAT	double	filament_flow_ratio
src/slic3r/Utils/CalibUtils.cpp:1150	OPT	ConfigOptionFloatsNullable	filament_flow_ratio
src/slic3r/GUI/Plater.cpp:3554	STR	string	filament_id
src/slic3r/GUI/Plater.cpp:3656	STR	string	filament_id
src/slic3r/GUI/PresetComboBoxes.cpp:1915	STR	string	filament_id
src/slic3r/GUI/PresetComboBoxes.cpp:520	STR	string	filament_id
src/slic3r/GUI/GCodeViewer.cpp:1368	OPT	ConfigOptionBools	filament_is_support
src/slic3r/GUI/Plater.cpp:789	OPT	ConfigOptionBools	filament_long_retractions_when_cut
src/slic3r/GUI/PartPlate.cpp:312	OPT	ConfigOptionInts	filament_map
src/slic3r/GUI/PartPlate.cpp:3716	OPT	ConfigOptionInts	filament_map
src/slic3r/GUI/PartPlate.cpp:3748	OPT	ConfigOptionInts	filament_map
src/slic3r/GUI/PartPlate.cpp:3756	OPT	ConfigOptionInts	filament_map
src/slic3r/GUI/PartPlate.cpp:3764	OPT	ConfigOptionInts	filament_map
src/slic3r/GUI/Plater.cpp:16829	OPT	ConfigOptionInts	filament_map
src/slic3r/GUI/Plater.cpp:16835	OPT	ConfigOptionInts	filament_map
src/slic3r/GUI/SelectMachine.cpp:4358	OPT	ConfigOptionInts	filament_map
src/slic3r/GUI/SelectMachine.cpp:4359	OPT	ConfigOptionInts	filament_map
src/slic3r/Utils/CalibUtils.cpp:257	OPT	ConfigOptionInts	filament_map
src/slic3r/Utils/CalibUtils.cpp:851	OPT	ConfigOptionInts	filament_map
src/slic3r/GUI/PartPlate.cpp:184	OPT	ConfigOptionEnum<FilamentMapMode>	filament_map_mode
src/slic3r/GUI/PartPlate.cpp:325	OPT	ConfigOptionEnum<FilamentMapMode>	filament_map_mode
src/slic3r/GUI/PartPlate.cpp:3692	OPT	ConfigOptionEnum<FilamentMapMode>	filament_map_mode
src/slic3r/GUI/PartPlate.cpp:3702	OPT	ConfigOptionEnum<FilamentMapMode>	filament_map_mode
src/slic3r/GUI/PartPlate.cpp:3741	OPT	ConfigOptionEnum<FilamentMapMode>	filament_map_mode
src/slic3r/GUI/Plater.cpp:16819	OPT	ConfigOptionEnum<FilamentMapMode>	filament_map_mode
src/slic3r/GUI/Plater.cpp:16842	OPT	ConfigOptionEnum<FilamentMapMode>	filament_map_mode
src/slic3r/Utils/CalibUtils.cpp:261	OPT	ConfigOptionEnum<FilamentMapMode>	filament_map_mode
src/slic3r/Utils/CalibUtils.cpp:828	OPT	ConfigOptionEnum<FilamentMapMode>	filament_map_mode
src/slic3r/GUI/CalibrationWizard.cpp:645	OPT	ConfigOptionFloats	filament_max_volumetric_speed
src/slic3r/GUI/CalibrationWizardPresetPage.cpp:1395	OPT	ConfigOptionFloats	filament_max_volumetric_speed
src/slic3r/GUI/ExtrusionCalibration.cpp:433	OPT	ConfigOptionFloats	filament_max_volumetric_speed
src/slic3r/GUI/ExtrusionCalibration.cpp:553	OPT	ConfigOptionFloats	filament_max_volumetric_speed
src/slic3r/GUI/PresetHints.cpp:142	FLOAT	double	filament_max_volumetric_speed
src/slic3r/Utils/CalibUtils.cpp:647	OPT	ConfigOptionFloats	filament_max_volumetric_speed
src/slic3r/GUI/Plater.cpp:6300	OPT	ConfigOptionFloats	filament_prime_volume
src/slic3r/GUI/PartPlate.cpp:1859	OPT	ConfigOptionInts	filament_printable
src/slic3r/GUI/Plater.cpp:777	OPT	ConfigOptionFloats	filament_retraction_distances_when_cut
src/slic3r/GUI/CreatePresetsDialog.cpp:1231	OPT	ConfigOptionStrings	filament_type
src/slic3r/GUI/CreatePresetsDialog.cpp:1470	OPT	ConfigOptionStrings	filament_type
src/slic3r/GUI/FilamentMapDialog.cpp:61	OPT	ConfigOptionStrings	filament_type
src/slic3r/GUI/GCodeViewer.cpp:1367	OPT	ConfigOptionStrings	filament_type
src/slic3r/GUI/GUI_App.cpp:9062	OPT	ConfigOptionStrings	filament_type
src/slic3r/GUI/PartPlate.cpp:1858	OPT	ConfigOptionStrings	filament_type
src/slic3r/GUI/PartPlate.cpp:1902	OPT	ConfigOptionStrings	filament_type
src/slic3r/GUI/PartPlate.cpp:1951	OPT	ConfigOptionStrings	filament_type
src/slic3r/GUI/Plater.cpp:16393	OPT	ConfigOptionStrings	filament_type
src/slic3r/GUI/Plater.cpp:16502	OPT	ConfigOptionStrings	filament_type
src/slic3r/GUI/Plater.cpp:3498	STR	string	filament_type
src/slic3r/GUI/PresetComboBoxes.cpp:1213	OPT	ConfigOptionStrings	filament_type
src/slic3r/GUI/PresetComboBoxes.cpp:1917	STR	string	filament_type
src/slic3r/GUI/PresetComboBoxes.cpp:529	STR	string	filament_type
src/slic3r/GUI/Tab.cpp:1737	OPT	ConfigOptionStrings	filament_type
src/slic3r/Utils/CalibUtils.cpp:1554	STR	string	filament_type
src/slic3r/Utils/CalibUtils.cpp:184	STR	string	filament_type
src/slic3r/Utils/SnapmakerPrinterAgent.cpp:34	STR	string	filament_type
src/slic3r/GUI/PresetComboBoxes.cpp:1210	OPT	ConfigOptionStrings	filament_vendor
src/slic3r/Utils/SnapmakerPrinterAgent.cpp:33	STR	string	filament_vendor
src/slic3r/GUI/PresetHints.cpp:106	BOOL	bool	filter_out_gap_fill
src/slic3r/GUI/PartPlate.cpp:3519	OPT	ConfigOptionInts	first_layer_print_sequence
src/slic3r/GUI/PartPlate.cpp:3547	OPT	ConfigOptionInts	first_layer_print_sequence
src/slic3r/GUI/PartPlate.cpp:3605	OPT	ConfigOptionInts	first_layer_print_sequence
src/slic3r/GUI/PartPlate.cpp:3642	OPT	ConfigOptionInts	first_layer_print_sequence
src/slic3r/GUI/GLCanvas3D.cpp:10039	OPT	ConfigOptionFloats	flush_multiplier
src/slic3r/GUI/Plater.cpp:4150	OPT	ConfigOptionFloats	flush_multiplier
src/slic3r/GUI/WipeTowerDialog.cpp:206	OPT	ConfigOptionFloats	flush_multiplier
src/slic3r/GUI/WipeTowerDialog.cpp:241	OPT	ConfigOptionFloats	flush_multiplier
src/slic3r/GUI/WipeTowerDialog.cpp:263	OPT	ConfigOptionFloats	flush_multiplier
src/slic3r/GUI/GLCanvas3D.cpp:10038	OPT	ConfigOptionFloats	flush_volumes_matrix
src/slic3r/GUI/Plater.cpp:4146	OPT	ConfigOptionFloats	flush_volumes_matrix
src/slic3r/GUI/Plater.cpp:4231	OPT	ConfigOptionFloats	flush_volumes_matrix
src/slic3r/GUI/Tab.cpp:4750	OPT	ConfigOptionFloats	flush_volumes_matrix
src/slic3r/GUI/WipeTowerDialog.cpp:205	OPT	ConfigOptionFloats	flush_volumes_matrix
src/slic3r/GUI/WipeTowerDialog.cpp:240	OPT	ConfigOptionFloats	flush_volumes_matrix
src/slic3r/GUI/WipeTowerDialog.cpp:265	OPT	ConfigOptionFloats	flush_volumes_matrix
src/slic3r/Utils/CalibUtils.cpp:880	OPT	ConfigOptionFloats	flush_volumes_matrix
src/slic3r/GUI/PresetHints.cpp:25	INT	int	full_fan_speed_layer
src/slic3r/GUI/Gizmos/GLGizmoFuzzySkin.cpp:329	ENUM	FuzzySkinType	fuzzy_skin
src/slic3r/GUI/Gizmos/GLGizmoFuzzySkin.cpp:330	ENUM	FuzzySkinType	fuzzy_skin
src/slic3r/GUI/PresetHints.cpp:106	FLOAT	double	gap_infill_speed
src/slic3r/GUI/calib_dlg.cpp:1017	OPT	ConfigOptionEnum<GCodeFlavor>	gcode_flavor
src/slic3r/GUI/calib_dlg.cpp:1084	OPT	ConfigOptionEnum<GCodeFlavor>	gcode_flavor
src/slic3r/GUI/calib_dlg.cpp:1214	OPT	ConfigOptionEnum<GCodeFlavor>	gcode_flavor
src/slic3r/GUI/calib_dlg.cpp:1300	OPT	ConfigOptionEnum<GCodeFlavor>	gcode_flavor
src/slic3r/GUI/calib_dlg.cpp:1415	OPT	ConfigOptionEnum<GCodeFlavor>	gcode_flavor
src/slic3r/GUI/calib_dlg.cpp:866	OPT	ConfigOptionEnum<GCodeFlavor>	gcode_flavor
src/slic3r/GUI/ConfigManipulation.cpp:574	OPT	ConfigOptionEnum<GCodeFlavor>	gcode_flavor
src/slic3r/GUI/MainFrame.cpp:2125	OPT	ConfigOptionEnum<PrintHostType>	host_type
src/slic3r/GUI/MainFrame.cpp:4207	OPT	ConfigOptionEnum<PrintHostType>	host_type
src/slic3r/GUI/Plater.cpp:2502	OPT	ConfigOptionEnum<PrintHostType>	host_type
src/slic3r/GUI/CreatePresetsDialog.cpp:1226	OPT	ConfigOptionString	inherits
src/slic3r/GUI/Plater.cpp:14909	STR	string	inherits
src/slic3r/GUI/Plater.cpp:15945	STR	string	inherits
src/slic3r/GUI/Plater.cpp:15963	STR	string	inherits
src/slic3r/GUI/Plater.cpp:15972	STR	string	inherits
src/slic3r/GUI/PresetHints.cpp:118	OPT	ConfigOptionFloatOrPercent	initial_layer_line_width
src/slic3r/GUI/PresetHints.cpp:99	FLOAT	double	initial_layer_print_height
src/slic3r/Utils/CalibUtils.cpp:631	OPT	ConfigOptionFloat	initial_layer_print_height
src/slic3r/GUI/PresetHints.cpp:124	OPT	ConfigOptionFloatOrPercent	initial_layer_speed
src/slic3r/GUI/Plater.cpp:12629	OPT	ConfigOptionFloat	inner_wall_acceleration
src/slic3r/GUI/Plater.cpp:12650	OPT	ConfigOptionFloat	inner_wall_jerk
src/slic3r/GUI/PresetHints.cpp:120	OPT	ConfigOptionFloatOrPercent	inner_wall_line_width
src/slic3r/GUI/PresetHints.cpp:104	FLOAT	double	inner_wall_speed
src/slic3r/GUI/PresetHints.cpp:121	OPT	ConfigOptionFloatOrPercent	internal_solid_infill_line_width
src/slic3r/GUI/PresetHints.cpp:109	FLOAT	double	internal_solid_infill_speed
src/slic3r/Utils/CalibUtils.cpp:649	FLOAT	double	internal_solid_infill_speed
src/slic3r/GUI/GUI_ObjectList.cpp:3337	FLOAT	double	layer_height
src/slic3r/GUI/GUI_ObjectList.cpp:3338	FLOAT	double	layer_height
src/slic3r/GUI/PresetHints.cpp:212	FLOAT	double	layer_height
src/slic3r/GUI/PresetHints.cpp:268	FLOAT	double	layer_height
src/slic3r/GUI/PresetHints.cpp:98	FLOAT	double	layer_height
src/slic3r/GUI/PresetHints.cpp:116	OPT	ConfigOptionFloatOrPercent	line_width
src/slic3r/GUI/Plater.cpp:767	OPT	ConfigOptionBools	long_retractions_when_cut
src/slic3r/GUI/calib_dlg.cpp:1309	OPT	ConfigOptionFloats	machine_max_junction_deviation
src/slic3r/GUI/calib_dlg.cpp:1310	OPT	ConfigOptionFloats	machine_max_junction_deviation
src/slic3r/GUI/calib_dlg.cpp:1311	OPT	ConfigOptionFloats	machine_max_junction_deviation
src/slic3r/GUI/calib_dlg.cpp:1358	OPT	ConfigOptionFloats	machine_max_junction_deviation
src/slic3r/GUI/calib_dlg.cpp:1420	OPT	ConfigOptionFloats	machine_max_junction_deviation
src/slic3r/GUI/calib_dlg.cpp:1421	OPT	ConfigOptionFloats	machine_max_junction_deviation
src/slic3r/GUI/calib_dlg.cpp:1422	OPT	ConfigOptionFloats	machine_max_junction_deviation
src/slic3r/GUI/ConfigManipulation.cpp:680	OPT	ConfigOptionFloats	machine_max_junction_deviation
src/slic3r/GUI/IMSlider.cpp:79	STR	string	machine_pause_gcode
src/slic3r/GUI/PartPlate.cpp:1892	OPT	ConfigOptionFloat	machine_tool_change_time
src/slic3r/GUI/ConfigManipulation.cpp:214	FLOAT	double	max_layer_height
src/slic3r/GUI/GUI_ObjectList.cpp:4484	FLOAT	double	max_layer_height
src/slic3r/GUI/Tab.cpp:1803	OPT	ConfigOptionFloats	max_layer_height
src/slic3r/GUI/Tab.cpp:1927	OPT	ConfigOptionFloats	max_layer_height
src/slic3r/Utils/CalibUtils.cpp:1119	OPT	ConfigOptionFloats	max_layer_height
src/slic3r/Utils/CalibUtils.cpp:1247	OPT	ConfigOptionFloats	max_layer_height
src/slic3r/GUI/PresetHints.cpp:112	FLOAT	double	max_print_speed
src/slic3r/GUI/PresetHints.cpp:114	FLOAT	double	max_volumetric_speed
src/slic3r/GUI/GUI_ObjectList.cpp:4477	FLOAT	double	min_layer_height
src/slic3r/GUI/Tab.cpp:1802	OPT	ConfigOptionFloats	min_layer_height
src/slic3r/GUI/Tab.cpp:1917	OPT	ConfigOptionFloats	min_layer_height
src/slic3r/GUI/AmsMappingPopup.cpp:1071	OPT	ConfigOptionFloats	nozzle_diameter
src/slic3r/GUI/AmsMappingPopup.cpp:983	OPT	ConfigOptionFloats	nozzle_diameter
src/slic3r/GUI/CaliHistoryDialog.cpp:42	OPT	ConfigOptionFloatsNullable	nozzle_diameter
src/slic3r/GUI/FilamentGroupPopup.cpp:21	OPT	ConfigOptionFloats	nozzle_diameter
src/slic3r/GUI/FilamentMapDialog.cpp:46	OPT	ConfigOptionFloats	nozzle_diameter
src/slic3r/GUI/GCodeViewer.cpp:1362	OPT	ConfigOptionFloats	nozzle_diameter
src/slic3r/GUI/Gizmos/GLGizmoBrimEars.cpp:1160	OPT	ConfigOptionFloats	nozzle_diameter
src/slic3r/GUI/GUI_App.cpp:7987	OPT	ConfigOptionFloats	nozzle_diameter
src/slic3r/GUI/GUI_App.cpp:8463	OPT	ConfigOptionFloats	nozzle_diameter
src/slic3r/GUI/GUI_App.cpp:8471	OPT	ConfigOptionFloats	nozzle_diameter
src/slic3r/GUI/GUI_ObjectList.cpp:4488	FLOAT	double	nozzle_diameter
src/slic3r/GUI/PartPlate.cpp:1983	OPT	ConfigOptionFloats	nozzle_diameter
src/slic3r/GUI/Plater.cpp:10669	OPT	ConfigOptionFloats	nozzle_diameter
src/slic3r/GUI/Plater.cpp:16536	OPT	ConfigOptionFloats	nozzle_diameter
src/slic3r/GUI/Plater.cpp:9564	OPT	ConfigOptionFloats	nozzle_diameter
src/slic3r/GUI/PresetHints.cpp:215	FLOAT	double	nozzle_diameter
src/slic3r/GUI/PresetHints.cpp:95	FLOAT	double	nozzle_diameter
src/slic3r/GUI/SelectMachine.cpp:1011	OPT	ConfigOptionFloats	nozzle_diameter
src/slic3r/GUI/SelectMachine.cpp:1263	OPT	ConfigOptionFloats	nozzle_diameter
src/slic3r/GUI/SelectMachine.cpp:1799	OPT	ConfigOptionFloats	nozzle_diameter
src/slic3r/GUI/SelectMachine.cpp:3361	OPT	ConfigOptionFloats	nozzle_diameter
src/slic3r/GUI/SelectMachine.cpp:3877	OPT	ConfigOptionFloats	nozzle_diameter
src/slic3r/GUI/SelectMachine.cpp:3941	OPT	ConfigOptionFloats	nozzle_diameter
src/slic3r/GUI/SelectMachine.cpp:4350	OPT	ConfigOptionFloats	nozzle_diameter
src/slic3r/GUI/SyncAmsInfoDialog.cpp:1253	OPT	ConfigOptionFloats	nozzle_diameter
src/slic3r/GUI/SyncAmsInfoDialog.cpp:1437	OPT	ConfigOptionFloats	nozzle_diameter
src/slic3r/GUI/SyncAmsInfoDialog.cpp:1930	OPT	ConfigOptionFloats	nozzle_diameter
src/slic3r/GUI/SyncAmsInfoDialog.cpp:225	OPT	ConfigOptionFloats	nozzle_diameter
src/slic3r/GUI/SyncAmsInfoDialog.cpp:2404	OPT	ConfigOptionFloats	nozzle_diameter
src/slic3r/GUI/Tab.cpp:4331	OPT	ConfigOptionFloats	nozzle_diameter
src/slic3r/GUI/WipeTowerDialog.cpp:264	OPT	ConfigOptionFloats	nozzle_diameter
src/slic3r/Utils/CalibUtils.cpp:1113	OPT	ConfigOptionFloats	nozzle_diameter
src/slic3r/Utils/CalibUtils.cpp:626	OPT	ConfigOptionFloats	nozzle_diameter
src/slic3r/Utils/CalibUtils.cpp:721	OPT	ConfigOptionFloats	nozzle_diameter
src/slic3r/Utils/CalibUtils.cpp:768	OPT	ConfigOptionFloats	nozzle_diameter
src/slic3r/Utils/CalibUtils.cpp:769	OPT	ConfigOptionFloats	nozzle_diameter
src/slic3r/Utils/CalibUtils.cpp:952	OPT	ConfigOptionFloats	nozzle_diameter
src/slic3r/GUI/Plater.cpp:4145	OPT	ConfigOptionIntsNullable	nozzle_flush_dataset
src/slic3r/GUI/WipeTowerDialog.cpp:266	OPT	ConfigOptionIntsNullable	nozzle_flush_dataset
src/slic3r/GUI/WipeTowerDialog.cpp:533	OPT	ConfigOptionIntsNullable	nozzle_flush_dataset
src/slic3r/Utils/CalibUtils.cpp:833	OPT	ConfigOptionIntsNullable	nozzle_flush_dataset
src/slic3r/GUI/CalibrationWizard.cpp:643	OPT	ConfigOptionInts	nozzle_temperature
src/slic3r/GUI/CalibrationWizardPresetPage.cpp:1542	OPT	ConfigOptionInts	nozzle_temperature
src/slic3r/GUI/ExtrusionCalibration.cpp:432	OPT	ConfigOptionInts	nozzle_temperature
src/slic3r/GUI/ExtrusionCalibration.cpp:552	OPT	ConfigOptionInts	nozzle_temperature
src/slic3r/GUI/PresetComboBoxes.cpp:321	INT	int	nozzle_temperature
src/slic3r/GUI/PresetComboBoxes.cpp:319	INT	int	nozzle_temperature_initial_layer
src/slic3r/GUI/CalibrationWizardPresetPage.cpp:1546	OPT	ConfigOptionInts	nozzle_temperature_range_high
src/slic3r/GUI/CalibrationWizardPresetPage.cpp:1544	OPT	ConfigOptionInts	nozzle_temperature_range_low
src/slic3r/GUI/Plater.cpp:2713	OPT	ConfigOptionEnumsGenericNullable	nozzle_type
src/slic3r/GUI/SyncAmsInfoDialog.cpp:1932	OPT	ConfigOptionEnumsGenericNullable	nozzle_type
src/slic3r/GUI/CaliHistoryDialog.cpp:43	OPT	ConfigOptionFloatsNullable	nozzle_volume
src/slic3r/GUI/Plater.cpp:758	OPT	ConfigOptionFloatsNullable	nozzle_volume
src/slic3r/GUI/PartPlate.cpp:1984	OPT	ConfigOptionEnumsGeneric	nozzle_volume_type
src/slic3r/GUI/Plater.cpp:10995	OPT	ConfigOptionEnumsGeneric	nozzle_volume_type
src/slic3r/GUI/Plater.cpp:1529	OPT	ConfigOptionEnumsGeneric	nozzle_volume_type
src/slic3r/GUI/SelectMachine.cpp:1268	OPT	ConfigOptionEnumsGeneric	nozzle_volume_type
src/slic3r/GUI/SyncAmsInfoDialog.cpp:1442	OPT	ConfigOptionEnumsGeneric	nozzle_volume_type
src/slic3r/GUI/Tab.cpp:5203	OPT	ConfigOptionEnumsGeneric	nozzle_volume_type
src/slic3r/GUI/Tab.cpp:5392	OPT	ConfigOptionEnumsGeneric	nozzle_volume_type
src/slic3r/GUI/Tab.cpp:7060	OPT	ConfigOptionEnumsGeneric	nozzle_volume_type
src/slic3r/GUI/Tab.cpp:7067	OPT	ConfigOptionEnumsGeneric	nozzle_volume_type
src/slic3r/GUI/Tab.cpp:7324	OPT	ConfigOptionEnumsGeneric	nozzle_volume_type
src/slic3r/GUI/Tab.cpp:7370	OPT	ConfigOptionEnumsGeneric	nozzle_volume_type
src/slic3r/Utils/CalibUtils.cpp:831	OPT	ConfigOptionEnumsGeneric	nozzle_volume_type
src/slic3r/GUI/PartPlate.cpp:3528	OPT	ConfigOptionInts	other_layers_print_sequence
src/slic3r/GUI/PartPlate.cpp:3570	OPT	ConfigOptionInts	other_layers_print_sequence
src/slic3r/GUI/PartPlate.cpp:3529	OPT	ConfigOptionInt	other_layers_print_sequence_nums
src/slic3r/GUI/PartPlate.cpp:3571	OPT	ConfigOptionInt	other_layers_print_sequence_nums
src/slic3r/GUI/Plater.cpp:12627	OPT	ConfigOptionFloat	outer_wall_acceleration
src/slic3r/GUI/Plater.cpp:12648	OPT	ConfigOptionFloat	outer_wall_jerk
src/slic3r/GUI/PresetHints.cpp:117	OPT	ConfigOptionFloatOrPercent	outer_wall_line_width
src/slic3r/GUI/Tab.cpp:1492	BOOL	bool	pad_around_object
src/slic3r/GUI/Plater.cpp:2515	BOOL	bool	pellet_modded_printer
src/slic3r/GUI/Tab.cpp:4304	BOOL	bool	pellet_modded_printer
src/slic3r/GUI/PartPlate.cpp:1817	OPT	ConfigOptionInts	physical_extruder_map
src/slic3r/GUI/Plater.cpp:1381	OPT	ConfigOptionInts	physical_extruder_map
src/slic3r/GUI/GLCanvas3D.cpp:5384	FLOAT	double	prime_tower_brim_width
src/slic3r/GUI/GLCanvas3D.cpp:5391	FLOAT	double	prime_tower_brim_width
src/slic3r/GUI/PartPlate.cpp:4164	OPT	ConfigOptionFloat	prime_tower_brim_width
src/slic3r/GUI/Selection.cpp:1273	FLOAT	double	prime_tower_brim_width
src/slic3r/GUI/Plater.cpp:6314	OPT	ConfigOptionPercent	prime_tower_infill_gap
src/slic3r/Utils/CalibUtils.cpp:1107	OPT	ConfigOptionPoints	printable_area
src/slic3r/GUI/Selection.cpp:1570	FLOAT	double	printable_height
src/slic3r/Utils/CalibUtils.cpp:1456	FLOAT	double	printable_height
src/slic3r/GUI/GUI_App.cpp:3442	OPT	ConfigOptionString	printer_agent
src/slic3r/GUI/Tab.cpp:5753	OPT	ConfigOptionStrings	printer_extruder_variant
src/slic3r/GUI/ConfigWizard.cpp:2127	STR	string	printer_model
src/slic3r/GUI/CreatePresetsDialog.cpp:2465	STR	string	printer_model
src/slic3r/GUI/CreatePresetsDialog.cpp:3383	STR	string	printer_model
src/slic3r/GUI/CreatePresetsDialog.cpp:3385	STR	string	printer_model
src/slic3r/GUI/GUI_App.cpp:3531	STR	string	printer_model
src/slic3r/GUI/Plater.cpp:17132	OPT	ConfigOptionString	printer_model
src/slic3r/GUI/Plater.cpp:4073	STR	string	printer_model
src/slic3r/GUI/Plater.cpp:6861	OPT	ConfigOptionString	printer_model
src/slic3r/GUI/PresetComboBoxes.cpp:1229	STR	string	printer_model
src/slic3r/GUI/PresetComboBoxes.cpp:479	STR	string	printer_model
src/slic3r/GUI/Tab.cpp:2215	STR	string	printer_model
src/slic3r/GUI/Tab.cpp:7810	STR	string	printer_model
src/slic3r/Utils/MoonrakerPrinterAgent.cpp:1074	STR	string	printer_model
src/slic3r/GUI/ConfigManipulation.cpp:1061	OPT	ConfigOptionEnum<PrinterStructure>	printer_structure
src/slic3r/GUI/GLCanvas3D.cpp:5987	OPT	ConfigOptionEnum<PrinterStructure>	printer_structure
src/slic3r/GUI/PartPlate.cpp:4123	OPT	ConfigOptionEnum<PrinterStructure>	printer_structure
src/slic3r/GUI/Plater.cpp:2653	OPT	ConfigOptionEnum<PrinterStructure>	printer_structure
src/slic3r/GUI/Tab.cpp:1667	OPT	ConfigOptionEnum<PrinterStructure>	printer_structure
src/slic3r/GUI/BackgroundSlicingProcess.cpp:692	ENUM	PrinterTechnology	printer_technology
src/slic3r/GUI/MainFrame.cpp:3831	OPT	ConfigOptionEnum<PrinterTechnology>	printer_technology
src/slic3r/GUI/ConfigWizard.cpp:2128	STR	string	printer_variant
src/slic3r/GUI/CreatePresetsDialog.cpp:3386	STR	string	printer_variant
src/slic3r/GUI/Plater.cpp:2665	STR	string	printer_variant
src/slic3r/GUI/MainFrame.cpp:1742	OPT	ConfigOptionString	print_host
src/slic3r/GUI/GUI_App.cpp:3532	STR	string	printhost_apikey
src/slic3r/GUI/MainFrame.cpp:4209	STR	string	printhost_apikey
src/slic3r/GUI/Plater.cpp:2504	STR	string	printhost_apikey
src/slic3r/GUI/Plater.cpp:10255	STR	string	print_host_webui
src/slic3r/GUI/GUI_App.cpp:8485	OPT	ConfigOptionEnum<PrintSequence>	print_sequence
src/slic3r/GUI/Plater.cpp:16513	OPT	ConfigOptionEnum<PrintSequence>	print_sequence
src/slic3r/GUI/ConfigManipulation.cpp:842	BOOL	bool	purge_in_prime_tower
src/slic3r/GUI/PartPlate.cpp:1524	INT	int	raft_layers
src/slic3r/GUI/PartPlate.cpp:1637	INT	int	raft_layers
src/slic3r/GUI/PresetHints.cpp:51	BOOL	bool	reduce_fan_stop_start_freq
src/slic3r/GUI/Plater.cpp:783	OPT	ConfigOptionFloats	retraction_distances_when_cut
src/slic3r/GUI/Jobs/ArrangeJob.cpp:533	BOOL	bool	scan_first_layer
src/slic3r/GUI/Jobs/FillBedJob.cpp:234	BOOL	bool	scan_first_layer
src/slic3r/GUI/ConfigManipulation.cpp:822	BOOL	bool	single_extruder_multi_material
src/slic3r/GUI/GUI_App.cpp:7986	BOOL	bool	single_extruder_multi_material
src/slic3r/GUI/Plater.cpp:3728	BOOL	bool	single_extruder_multi_material
src/slic3r/GUI/PresetHints.cpp:28	INT	int	slow_down_layer_time
src/slic3r/GUI/PresetHints.cpp:31	FLOAT	double	slow_down_min_speed
src/slic3r/GUI/PartPlate.cpp:1522	INT	int	solid_infill_filament
src/slic3r/GUI/PartPlate.cpp:1634	INT	int	solid_infill_filament
src/slic3r/GUI/PresetHints.cpp:133	INT	int	solid_infill_filament
src/slic3r/GUI/GUI_ObjectTableSettings.cpp:326	OPT	ConfigOptionPercent	sparse_infill_density
src/slic3r/GUI/PartPlate.cpp:5026	OPT	ConfigOptionPercent	sparse_infill_density
src/slic3r/GUI/PartPlate.cpp:1521	INT	int	sparse_infill_filament
src/slic3r/GUI/PartPlate.cpp:1633	INT	int	sparse_infill_filament
src/slic3r/GUI/PresetHints.cpp:132	INT	int	sparse_infill_filament
src/slic3r/GUI/PresetHints.cpp:119	OPT	ConfigOptionFloatOrPercent	sparse_infill_line_width
src/slic3r/GUI/Plater.cpp:15975	ENUM	InfillPattern	sparse_infill_pattern
src/slic3r/GUI/Plater.cpp:6049	OPT	ConfigOptionEnum<InfillPattern>	sparse_infill_pattern
src/slic3r/GUI/Plater.cpp:6104	OPT	ConfigOptionEnum<InfillPattern>	sparse_infill_pattern
src/slic3r/GUI/Plater.cpp:6047	STR	string	sparse_infill_rotate_template
src/slic3r/GUI/Plater.cpp:6064	STR	string	sparse_infill_rotate_template
src/slic3r/GUI/Plater.cpp:6102	STR	string	sparse_infill_rotate_template
src/slic3r/GUI/Plater.cpp:6119	STR	string	sparse_infill_rotate_template
src/slic3r/GUI/PresetHints.cpp:107	FLOAT	double	sparse_infill_speed
src/slic3r/GUI/IMSlider.cpp:340	OPT	ConfigOptionBool	spiral_mode
src/slic3r/GUI/Tab.cpp:4254	BOOL	bool	support_air_filtration
src/slic3r/GUI/ConfigManipulation.cpp:169	BOOL	bool	support_chamber_temp_control
src/slic3r/GUI/Tab.cpp:4308	BOOL	bool	support_chamber_temp_control
src/slic3r/GUI/PartPlate.cpp:1519	INT	int	support_filament
src/slic3r/GUI/PartPlate.cpp:1631	INT	int	support_filament
src/slic3r/GUI/PresetHints.cpp:134	INT	int	support_filament
src/slic3r/GUI/PartPlate.cpp:1518	INT	int	support_interface_filament
src/slic3r/GUI/PartPlate.cpp:1630	INT	int	support_interface_filament
src/slic3r/GUI/PresetHints.cpp:135	INT	int	support_interface_filament
src/slic3r/GUI/PresetHints.cpp:122	OPT	ConfigOptionFloatOrPercent	support_line_width
src/slic3r/GUI/Plater.cpp:7915	BOOL	bool	support_material_auto
src/slic3r/GUI/Tab.cpp:1477	BOOL	bool	support_material_auto
src/slic3r/GUI/Plater.cpp:2527	BOOL	bool	support_multi_bed_types
src/slic3r/GUI/Plater.cpp:2559	BOOL	bool	support_multi_bed_types
src/slic3r/GUI/Plater.cpp:644	BOOL	bool	support_multi_bed_types
src/slic3r/GUI/Tab.cpp:4285	BOOL	bool	support_multi_bed_types
src/slic3r/GUI/PresetHints.cpp:100	FLOAT	double	support_speed
src/slic3r/GUI/3DScene.cpp:985	INT	int	support_threshold_angle
src/slic3r/GUI/Gizmos/GLGizmoFdmSupports.cpp:523	INT	int	support_threshold_angle
src/slic3r/GUI/Jobs/OrientJob.cpp:233	INT	int	support_threshold_angle
src/slic3r/GUI/Jobs/OrientJob.cpp:236	INT	int	support_threshold_angle
src/slic3r/GUI/Gizmos/GLGizmoFdmSupports.cpp:522	ENUM	SupportType	support_type
src/slic3r/GUI/Plater.cpp:15974	ENUM	SupportType	support_type
src/slic3r/GUI/PresetComboBoxes.cpp:1916	STR	string	tag_uid
src/slic3r/GUI/IMSlider.cpp:78	STR	string	template_custom_gcode
src/slic3r/GUI/BackgroundSlicingProcess.cpp:290	OPT	ConfigOptionPoints	thumbnails
src/slic3r/GUI/BackgroundSlicingProcess.cpp:942	OPT	ConfigOptionPoints	thumbnails
src/slic3r/GUI/GLCanvas3D.cpp:2843	OPT	ConfigOptionEnum<TimelapseType>	timelapse_type
src/slic3r/GUI/PartPlate.cpp:2085	OPT	ConfigOptionEnum<TimelapseType>	timelapse_type
src/slic3r/GUI/PartPlate.cpp:2128	OPT	ConfigOptionEnum<TimelapseType>	timelapse_type
src/slic3r/GUI/PartPlate.cpp:5031	ENUM	TimelapseType	timelapse_type
src/slic3r/GUI/PartPlate.cpp:5025	INT	int	top_shell_layers
src/slic3r/GUI/PresetHints.cpp:262	INT	int	top_shell_layers
src/slic3r/GUI/PresetHints.cpp:266	FLOAT	double	top_shell_thickness
src/slic3r/GUI/PresetHints.cpp:123	OPT	ConfigOptionFloatOrPercent	top_surface_line_width
src/slic3r/GUI/PresetHints.cpp:110	FLOAT	double	top_surface_speed
src/slic3r/Utils/CalibUtils.cpp:650	FLOAT	double	top_surface_speed
src/slic3r/GUI/PresetComboBoxes.cpp:1910	STR	string	tray_name
src/slic3r/GUI/PresetComboBoxes.cpp:509	STR	string	tray_name
src/slic3r/GUI/PresetComboBoxes.cpp:521	STR	string	tray_name
src/slic3r/GUI/PartPlate.cpp:1520	INT	int	wall_filament
src/slic3r/GUI/PartPlate.cpp:1632	INT	int	wall_filament
src/slic3r/GUI/PresetHints.cpp:131	INT	int	wall_filament
src/slic3r/Utils/CalibUtils.cpp:796	OPT	ConfigOptionEnum<PerimeterGeneratorType>	wall_generator
src/slic3r/GUI/PartPlate.cpp:5024	INT	int	wall_loops
src/slic3r/GUI/PresetHints.cpp:213	INT	int	wall_loops
src/slic3r/GUI/Plater.cpp:11630	FLOAT	double	wipe_tower_rotation_angle
src/slic3r/GUI/Plater.cpp:11740	FLOAT	double	wipe_tower_rotation_angle
src/slic3r/GUI/Plater.cpp:11801	FLOAT	double	wipe_tower_rotation_angle
src/slic3r/GUI/ConfigManipulation.cpp:823	ENUM	WipeTowerType	wipe_tower_type
src/slic3r/GUI/PartPlate.cpp:2131	OPT	ConfigOptionEnum<WipeTowerWallType>	wipe_tower_wall_type
src/slic3r/GUI/Plater.cpp:6311	OPT	ConfigOptionEnum<WipeTowerWallType>	wipe_tower_wall_type
src/slic3r/GUI/GLCanvas3D.cpp:10228	OPT	ConfigOptionFloats	wipe_tower_x
src/slic3r/GUI/GLCanvas3D.cpp:5006	OPT	ConfigOptionFloats	wipe_tower_x
src/slic3r/GUI/Plater.cpp:11621	OPT	ConfigOptionFloats	wipe_tower_x
src/slic3r/GUI/Plater.cpp:11731	OPT	ConfigOptionFloats	wipe_tower_x
src/slic3r/GUI/Plater.cpp:11798	OPT	ConfigOptionFloats	wipe_tower_x
src/slic3r/GUI/GLCanvas3D.cpp:10229	OPT	ConfigOptionFloats	wipe_tower_y
src/slic3r/GUI/GLCanvas3D.cpp:5007	OPT	ConfigOptionFloats	wipe_tower_y
src/slic3r/GUI/Plater.cpp:11622	OPT	ConfigOptionFloats	wipe_tower_y
src/slic3r/GUI/Plater.cpp:11732	OPT	ConfigOptionFloats	wipe_tower_y
src/slic3r/GUI/Plater.cpp:11799	OPT	ConfigOptionFloats	wipe_tower_y
src/slic3r/GUI/PartPlate.cpp:354	OPT	ConfigOptionPoints	wrapping_exclude_area
